{"schemaVersion":"1.0","appDefinitionTemplate":{"id":"/providers/Microsoft.PowerApps/apps/","type":"Microsoft.PowerApps/apps","tags":{"minimumRequiredApiVersion":"2.2.0"},"properties":{"appVersion":"2019-05-15T08:58:44Z","lifeCycleId":"Published","createdByClientVersion":{"major":3,"minor":19045,"build":16,"revision":0,"majorRevision":0,"minorRevision":0},"minClientVersion":{"major":3,"minor":19045,"build":16,"revision":0,"majorRevision":0,"minorRevision":0},"backgroundColor":"rgba(0, 176, 240, 1)","backgroundImageUri":"/6380760075990472226/Nd6e757fa-9c86-4d5d-a1e9-48f9f2e16db4-logoSmallFile","displayName":"Survey","description":"","appUris":{"documentUri":{"value":"/6380760075990472226/N5cccbda1-92a4-4931-ae0c-89fa1882c0dd-document.msapp","readonlyValue":"/6380760075990472226/N5cccbda1-92a4-4931-ae0c-89fa1882c0dd-document.msapp"},"imageUris":[]},"createdTime":"0001-01-01T00:00:00Z","lastModifiedTime":"0001-01-01T00:00:00Z","sharedGroupsCount":0,"sharedUsersCount":0,"icons":{"smallIconUri":"/6380760075990472226/Ne9be86d8-8c55-46cb-a477-518f12c0bb43-small.png","mediumIconUri":"/6380760075990472226/N3c8edc49-b01f-4f5b-81b3-57d7fac59d31-medium.png","largeIconUri":"/6380760075990472226/Nc5d8d0ba-0171-414b-b998-d9b09b23ec0c-large.png","wideIconUri":"/6380760075990472226/N9647c521-e02c-426d-91bf-fe7470cface2-wide.png"},"connectionReferences":{},"almMode":"Environment"}}}